GLP1,28,GLP1R,106,17.43,0.00,17.43,17.43,100.00%
GLP1R,411,GA,280,18.66,4.60,1.53,35.37,100.00%
GA,91,GG,14,32.43,1.58,27.85,38.16,94.30%
GA,2,GG,57,32.73,3.04,11.59,45.49,76.33%
GA,352,NB,58,14.16,0.00,14.16,14.16,100.00%
GA,306,NB,66,19.67,3.22,7.95,31.43,100.00%
GA,305,NB,66,26.06,3.78,8.09,37.02,99.96%
GA,82,GG,14,30.62,1.82,22.58,40.37,98.04%
GA,34,GB,89,16.17,0.00,16.17,16.17,100.00%
GA,53,GG,14,27.52,1.84,21.33,35.29,100.00%
GA,58,GG,14,33.60,2.13,25.77,40.04,71.55%
GA,306,NB,88,21.50,3.43,9.28,34.10,100.00%
GA,300,NB,44,13.76,5.63,3.99,31.75,100.00%
GA,271,NB,64,15.34,3.35,6.19,32.37,100.00%
GA,306,NB,44,9.66,3.58,1.68,24.96,100.00%
GA,88,GG,14,32.90,3.84,23.92,41.80,78.53%
GA,350,NB,58,16.40,0.00,16.40,16.40,100.00%
GA,271,NB,66,18.19,3.75,8.53,36.13,100.00%
GA,53,GG,2,20.83,3.95,3.88,34.19,100.00%
GA,307,NB,88,20.13,4.79,4.79,39.64,99.81%
GA,311,NB,50,19.00,4.86,3.66,38.81,99.97%
GA,300,GG,31,53.96,4.29,44.41,70.52,0.00%
GA,34,GB,57,13.45,0.00,13.45,13.45,100.00%
GA,352,NB,55,18.66,0.00,18.66,18.66,100.00%
GA,271,GG,2,26.46,4.94,3.60,47.44,97.62%
GA,300,NB,50,19.61,5.84,7.61,39.60,99.28%
GB,23,NB,1,15.50,2.60,4.99,26.83,100.00%
GB,23,NB,8,28.05,0.00,28.05,28.05,100.00%
GB,29,NB,1,10.97,4.12,1.53,33.38,100.00%
GB,209,GG,14,15.60,0.00,15.60,15.60,100.00%
GB,209,NB,1,14.65,3.03,3.97,27.08,100.00%
GB,15,NB,1,7.95,1.85,2.76,20.90,100.00%
GB,15,GG,14,14.48,0.00,14.48,14.48,100.00%
GB,23,NB,26,17.50,0.00,17.50,17.50,100.00%
GB,15,GG,2,18.05,3.94,4.05,33.85,100.00%
GB,31,NB,1,13.01,4.49,1.92,34.21,100.00%
GB,29,NB,8,14.65,4.34,1.61,35.21,100.00%
GG,14,NB,1,15.73,3.30,6.50,31.35,100.00%
GG,1,NB,2,15.88,7.08,2.37,39.71,99.89%
GG,2,NB,1,15.61,5.04,1.86,38.84,99.99%
