GLP1,20,GLP1,28,11.89,0.00,11.89,11.89,100.00%
GLP1,1,GLP1,5,5.35,0.00,5.35,5.35,100.00%
GLP1,11,GLP1,12,3.79,0.00,3.79,3.79,100.00%
GLP1R,313,GLP1R,323,10.38,0.00,10.38,10.38,100.00%
GLP1R,310,GLP1R,313,5.24,0.00,5.24,5.24,100.00%
GLP1R,319,GLP1R,320,7.30,2.32,0.43,14.55,100.00%
GLP1R,408,GLP1R,409,8.04,2.53,0.80,13.83,100.00%
GLP1R,328,GLP1R,329,3.81,0.00,3.81,3.81,100.00%
GLP1R,329,GLP1R,330,3.82,0.00,3.82,3.82,100.00%
GLP1R,8,GLP1R,12,6.10,0.00,6.10,6.10,100.00%
GLP1R,319,GLP1R,328,15.56,3.73,5.26,30.24,100.00%
GLP1R,319,GLP1R,329,14.81,3.58,3.66,30.42,100.00%
GLP1R,310,GLP1R,319,10.73,2.31,2.08,25.00,100.00%
GLP1R,409,GLP1R,411,9.42,3.98,1.00,26.80,100.00%
GA,338,GA,352,23.53,0.00,23.53,23.53,100.00%
GA,82,GA,91,6.14,2.21,0.95,18.02,100.00%
GA,293,GA,338,18.82,1.63,7.53,24.21,100.00%
GA,293,GA,349,19.34,3.16,5.81,28.34,100.00%
GA,293,GA,352,24.86,3.27,12.26,34.24,100.00%
GA,280,GA,293,11.35,3.48,1.61,26.92,100.00%
GA,51,GA,293,13.42,2.93,2.08,23.73,100.00%
GA,53,GA,293,14.03,2.90,2.53,25.07,100.00%
GA,271,GA,293,13.06,2.18,3.48,25.63,100.00%
GA,293,GA,306,12.92,2.78,2.19,26.15,100.00%
GA,82,GA,293,15.37,3.23,2.19,27.72,100.00%
GA,88,GA,293,19.25,2.83,6.50,28.48,100.00%
GA,293,GA,364,13.98,1.44,5.99,18.45,100.00%
GA,300,GA,306,7.47,3.08,1.03,22.76,100.00%
GA,300,GA,307,9.81,2.86,1.73,27.66,100.00%
GA,300,GA,320,26.73,2.30,16.23,36.22,100.00%
GA,17,GA,25,12.43,0.00,12.43,12.43,100.00%
GA,58,GA,216,26.19,2.03,18.59,33.21,100.00%
GA,82,GA,216,28.69,1.86,18.10,38.02,99.98%
GA,2,GA,34,9.72,2.74,1.53,26.43,100.00%
GA,8,GA,17,11.77,3.75,1.69,31.60,100.00%
GA,293,GA,358,19.76,2.62,7.54,27.39,100.00%
GA,338,GA,364,11.03,0.00,11.03,11.03,100.00%
GA,28,GA,34,9.89,0.00,9.89,9.89,100.00%
GA,2,GA,28,16.95,3.66,6.46,31.19,100.00%
GA,17,GA,28,16.44,0.00,16.44,16.44,100.00%
GA,51,GA,91,6.98,2.22,1.07,17.71,100.00%
GA,51,GA,58,7.45,1.97,0.84,16.27,100.00%
GA,51,GA,88,7.80,2.45,1.16,19.60,100.00%
GA,53,GA,90,11.02,2.06,5.19,19.24,100.00%
GA,53,GA,91,7.66,1.96,1.66,15.87,100.00%
GA,53,GA,306,19.84,4.01,4.18,35.57,100.00%
GA,53,GA,84,8.67,3.33,0.87,26.31,100.00%
GA,34,GA,51,26.97,1.87,18.54,35.28,100.00%
GA,51,GA,300,18.60,3.23,4.33,32.07,100.00%
GA,51,GA,82,5.41,2.01,0.53,18.13,100.00%
GA,51,GA,204,10.41,2.67,2.99,24.56,100.00%
GA,51,GA,210,12.56,1.50,4.98,20.77,100.00%
GA,280,GA,285,6.54,2.07,1.00,24.06,100.00%
GA,2,GA,17,30.03,3.77,17.54,38.54,96.18%
GA,58,GA,91,8.93,1.70,1.91,14.98,100.00%
GA,34,GA,58,28.76,2.17,15.59,34.88,100.00%
GA,58,GA,82,8.61,2.26,0.65,20.07,100.00%
GA,58,GA,84,10.74,2.83,1.22,25.78,100.00%
GA,300,GA,338,18.78,1.94,7.98,28.31,100.00%
GA,58,GA,300,14.74,2.90,4.02,26.46,100.00%
GA,177,GA,293,9.65,2.74,2.24,24.23,100.00%
GA,177,GA,210,18.17,5.42,3.56,28.26,100.00%
GA,181,GA,338,24.48,4.42,15.88,35.10,100.00%
GA,34,GA,181,30.16,4.89,15.66,40.36,84.71%
GA,181,GA,293,8.25,4.04,1.65,22.25,100.00%
GA,2,GA,181,23.77,6.64,4.06,44.27,88.63%
GA,51,GA,181,12.75,2.52,2.34,25.14,100.00%
GA,58,GA,181,7.81,2.60,2.14,17.67,100.00%
GA,181,GA,210,13.80,5.97,1.34,28.01,100.00%
GA,58,GA,88,11.78,1.71,3.21,17.28,100.00%
GA,88,GA,306,27.60,5.03,6.18,41.39,97.32%
GA,88,GA,96,13.25,0.00,13.25,13.25,100.00%
GA,58,GA,204,13.70,2.98,5.69,26.24,100.00%
GA,82,GA,205,7.70,2.62,1.73,21.49,100.00%
GA,88,GA,205,6.82,2.75,1.52,17.28,100.00%
GA,90,GA,211,17.66,3.23,8.33,24.85,100.00%
GA,91,GA,211,17.32,1.97,11.43,21.60,100.00%
GA,58,GA,211,15.15,2.05,8.51,22.68,100.00%
GA,82,GA,211,16.70,1.80,7.17,25.84,100.00%
GA,88,GA,211,15.99,3.64,6.14,24.38,100.00%
GA,82,GA,96,11.78,2.77,2.19,26.37,100.00%
GA,285,GA,293,11.65,3.67,1.43,31.11,100.00%
GA,293,GA,300,8.65,2.08,1.45,19.09,100.00%
GA,300,GA,305,9.14,3.29,1.70,20.81,100.00%
GA,24,GA,25,3.79,0.00,3.79,3.79,100.00%
GA,7,GA,8,8.63,2.53,1.40,14.36,100.00%
GA,8,GA,9,8.84,2.51,1.66,14.47,100.00%
GA,25,GA,28,5.05,0.00,5.05,5.05,100.00%
GA,53,GA,55,5.34,0.00,5.34,5.34,100.00%
GA,51,GA,55,6.24,1.65,0.72,14.82,100.00%
GA,53,GA,58,8.23,0.00,8.23,8.23,100.00%
GA,305,GA,306,9.63,2.59,1.15,14.28,100.00%
GA,306,GA,307,7.50,2.44,0.80,14.10,100.00%
GA,211,GA,216,12.28,0.00,12.28,12.28,100.00%
GA,84,GA,91,7.01,2.37,0.91,22.92,100.00%
GA,34,GA,293,30.94,1.65,23.52,38.32,99.63%
GA,58,GA,293,9.21,2.23,2.30,21.16,100.00%
GA,166,GA,293,21.51,2.79,12.52,32.13,100.00%
GA,280,GA,352,15.89,3.53,3.01,33.21,100.00%
GA,34,GA,53,31.41,2.24,19.39,37.48,98.84%
GA,53,GA,82,6.73,2.02,0.58,18.18,100.00%
GA,53,GA,210,16.51,1.45,10.04,22.16,100.00%
GA,51,GA,205,7.85,2.36,2.07,21.31,100.00%
GA,177,GA,300,10.20,2.94,3.01,24.37,100.00%
GA,305,GA,338,24.29,6.55,5.09,39.04,99.64%
GA,91,GA,204,9.84,3.22,4.49,22.78,100.00%
GA,91,GA,205,9.03,2.40,3.47,19.45,100.00%
GA,210,GA,211,3.78,0.00,3.78,3.78,100.00%
GA,286,GA,293,12.09,4.47,1.37,29.30,100.00%
GA,2,GA,7,23.15,5.22,2.25,41.75,99.37%
GA,32,GA,34,5.56,0.00,5.56,5.56,100.00%
GA,58,GA,338,26.96,2.56,16.58,34.53,100.00%
GA,34,GA,91,29.32,3.01,19.17,35.77,99.97%
GA,2,GA,293,24.82,4.43,12.36,41.87,99.08%
GA,91,GA,216,28.97,2.41,21.00,33.42,100.00%
GA,34,GA,216,17.55,0.00,17.55,17.55,100.00%
GA,51,GA,216,27.76,1.48,19.50,35.95,100.00%
GA,205,GA,216,23.89,0.00,23.89,23.89,100.00%
GA,280,GA,338,17.84,3.44,3.31,33.32,100.00%
GA,34,GA,280,31.31,2.82,18.85,44.49,91.15%
GA,58,GA,280,18.56,3.92,3.97,34.43,100.00%
GA,2,GA,271,31.52,3.57,16.35,46.60,80.58%
GA,58,GA,271,20.26,3.56,7.72,33.24,100.00%
GA,58,GA,90,11.98,1.83,4.76,18.42,100.00%
GA,306,GA,338,19.44,3.25,4.51,33.49,100.00%
GA,53,GA,177,12.17,3.07,3.10,21.99,100.00%
GA,91,GA,181,14.86,0.00,14.86,14.86,100.00%
GA,88,GA,305,23.57,4.35,7.67,40.43,99.63%
GA,96,GA,151,12.62,0.00,12.62,12.62,100.00%
GA,96,GA,210,15.07,2.19,10.51,23.05,100.00%
GA,338,GA,339,3.79,0.00,3.79,3.79,100.00%
GA,51,GA,53,6.57,1.73,0.96,15.14,100.00%
GA,55,GA,58,4.18,0.00,4.18,4.18,100.00%
GA,205,GA,210,9.35,0.00,9.35,9.35,100.00%
GA,90,GA,293,19.74,3.60,1.92,29.33,100.00%
GA,53,GA,88,9.95,2.56,2.42,18.47,100.00%
GA,90,GA,204,9.66,3.61,3.34,24.89,100.00%
GA,82,GA,210,13.42,1.82,4.05,22.51,100.00%
GA,91,GA,210,14.25,1.80,8.33,18.66,100.00%
GA,280,GA,300,13.26,3.93,2.75,30.51,100.00%
GA,58,GA,250,12.00,4.32,1.04,32.93,100.00%
GA,90,GA,91,3.78,0.00,3.78,3.78,100.00%
GA,293,GA,305,12.13,4.71,1.29,28.47,100.00%
GA,88,GA,216,27.79,3.78,18.25,35.86,99.91%
GA,90,GA,205,10.00,2.52,4.02,21.54,100.00%
GA,90,GA,181,17.63,0.00,17.63,17.63,100.00%
GA,58,GA,205,11.21,2.63,4.18,22.91,100.00%
GA,58,GA,210,11.63,2.15,4.88,20.24,100.00%
GA,90,GA,210,15.05,2.87,6.93,21.14,100.00%
GA,32,GA,91,30.68,2.41,22.86,38.09,95.25%
GA,293,GA,307,15.42,3.36,2.60,32.35,100.00%
GA,84,GA,216,29.67,4.53,8.02,43.20,93.80%
GA,338,GA,349,16.91,0.00,16.91,16.91,100.00%
GA,34,GA,271,37.72,2.31,26.75,48.30,12.46%
GA,58,GA,306,18.73,3.57,3.52,32.62,100.00%
GA,58,GA,177,9.45,2.25,3.62,17.64,100.00%
GA,84,GA,88,7.69,2.59,0.86,21.90,100.00%
GA,53,GA,205,11.63,1.80,4.62,18.52,100.00%
GA,84,GA,211,18.00,4.19,3.68,31.11,100.00%
GB,15,GB,209,15.47,0.00,15.47,15.47,100.00%
GB,207,GB,209,6.39,0.00,6.39,6.39,100.00%
GB,87,GB,89,6.96,0.00,6.96,6.96,100.00%
GB,15,GB,207,14.32,0.00,14.32,14.32,100.00%
GB,15,GB,23,12.20,0.00,12.20,12.20,100.00%
GB,57,GB,86,22.69,0.00,22.69,22.69,100.00%
GB,15,GB,301,30.90,0.00,30.90,30.90,100.00%
GB,86,GB,127,21.04,0.00,21.04,21.04,100.00%
GB,279,GB,280,3.80,0.00,3.80,3.80,100.00%
GB,57,GB,59,5.99,0.00,5.99,5.99,100.00%
GB,84,GB,86,5.80,0.00,5.80,5.80,100.00%
GB,86,GB,87,3.88,0.00,3.88,3.88,100.00%
GB,34,GB,57,33.34,3.20,6.28,49.70,67.93%
GB,65,GB,67,5.34,0.00,5.34,5.34,100.00%
GG,2,GG,14,10.15,2.92,1.47,25.52,100.00%
GG,31,GG,57,32.30,4.07,13.28,48.72,70.91%
GG,57,GG,64,13.99,5.81,1.50,36.80,100.00%
GG,31,GG,32,3.83,0.00,3.83,3.83,100.00%
GG,29,GG,32,5.91,0.00,5.91,5.91,100.00%
GG,29,GG,31,5.62,0.00,5.62,5.62,100.00%
GG,14,GG,20,9.73,0.00,9.73,9.73,100.00%
NB,128,NB,129,7.95,2.52,0.85,13.88,100.00%
NB,1,NB,8,17.88,2.68,6.39,28.82,100.00%
NB,44,NB,50,17.78,0.00,17.78,17.78,100.00%
NB,113,NB,129,20.45,6.02,2.53,42.70,99.28%
NB,114,NB,123,18.34,0.00,18.34,18.34,100.00%
NB,44,NB,128,14.10,4.59,3.72,30.25,100.00%
NB,62,NB,64,5.57,0.00,5.57,5.57,100.00%
NB,81,NB,86,16.92,0.00,16.92,16.92,100.00%
