GLP1,1,GLP1,3,5.07,0.00,5.07,5.07,100.00%
GLP1R,11,GLP1R,15,6.06,0.00,6.06,6.06,100.00%
GLP1R,107,GLP1R,110,9.46,0.00,9.46,9.46,100.00%
GLP1R,341,GLP1R,360,11.97,0.00,11.97,11.97,100.00%
GLP1R,15,GLP1R,18,5.15,0.00,5.15,5.15,100.00%
GLP1R,105,GLP1R,107,7.09,0.00,7.09,7.09,100.00%
GLP1R,349,GLP1R,360,8.86,0.00,8.86,8.86,100.00%
GLP1R,400,GLP1R,411,14.86,4.62,1.55,32.45,100.00%
GLP1R,323,GLP1R,400,22.04,3.67,7.45,32.68,100.00%
GLP1R,104,GLP1R,107,9.70,0.00,9.70,9.70,100.00%
GA,58,GA,157,24.00,2.05,19.38,32.65,100.00%
GA,85,GA,91,10.18,3.37,2.13,26.67,100.00%
GA,173,GA,293,16.49,3.67,4.17,26.21,100.00%
GA,293,GA,327,25.29,1.28,16.82,29.77,100.00%
GA,280,GA,284,8.61,3.33,1.03,26.92,100.00%
GA,91,GA,101,15.02,0.00,15.02,15.02,100.00%
GA,53,GA,101,16.40,2.53,8.00,24.90,100.00%
GA,58,GA,101,14.50,1.91,8.21,22.28,100.00%
GA,53,GA,104,21.12,2.54,12.78,29.94,100.00%
GA,209,GA,216,18.81,0.00,18.81,18.81,100.00%
GA,305,GA,310,17.00,4.95,1.76,31.89,100.00%
GA,74,GA,293,18.65,4.75,2.07,32.31,100.00%
GA,50,GA,58,11.61,2.81,1.21,23.03,100.00%
GA,53,GA,194,24.27,2.45,16.65,32.99,100.00%
GA,53,GA,85,10.35,3.68,1.42,27.91,100.00%
GA,53,GA,223,11.72,1.88,4.40,17.69,100.00%
GA,280,GA,295,14.11,5.34,1.61,29.98,100.00%
GA,58,GA,189,13.55,3.72,2.18,29.42,100.00%
GA,88,GA,189,14.32,4.72,1.17,31.33,100.00%
GA,96,GA,189,12.45,4.22,1.81,30.29,100.00%
GA,88,GA,194,20.83,3.49,11.33,27.88,100.00%
GA,259,GA,300,12.11,4.09,2.16,28.46,100.00%
GA,300,GA,310,13.52,3.86,2.14,29.68,100.00%
GA,259,GA,307,10.59,4.37,1.67,29.51,100.00%
GA,58,GA,173,14.79,2.14,7.09,24.34,100.00%
GA,141,GA,211,20.09,3.26,12.31,29.10,100.00%
GA,259,GA,271,16.21,4.45,2.39,31.56,100.00%
GA,271,GA,284,11.12,4.11,1.81,28.79,100.00%
GA,58,GA,155,19.41,2.18,14.42,27.83,100.00%
GA,157,GA,305,23.34,4.37,4.63,37.00,100.00%
GA,87,GA,91,10.03,2.44,2.57,19.60,100.00%
GA,101,GA,211,24.76,3.42,16.27,32.89,100.00%
GA,96,GA,101,8.29,0.00,8.29,8.29,100.00%
GA,180,GA,186,11.70,0.00,11.70,11.70,100.00%
GA,58,GA,85,14.47,3.39,2.10,27.94,100.00%
GA,58,GA,87,14.39,2.75,3.33,27.29,100.00%
GA,58,GA,194,19.87,3.64,12.24,33.41,100.00%
GA,157,GA,300,19.52,3.82,8.19,34.17,100.00%
GA,53,GA,139,20.33,1.82,13.95,26.82,100.00%
GA,58,GA,139,19.20,1.91,13.21,26.00,100.00%
GA,194,GA,211,16.17,0.00,16.17,16.17,100.00%
GA,58,GA,223,7.70,1.21,2.27,13.56,100.00%
GA,100,GA,129,13.81,0.00,13.81,13.81,100.00%
GA,260,GA,271,15.92,4.36,2.82,31.61,100.00%
GA,327,GA,338,11.30,0.00,11.30,11.30,100.00%
GA,338,GA,344,9.95,0.00,9.95,9.95,100.00%
GA,181,GA,183,5.61,0.00,5.61,5.61,100.00%
GA,151,GA,155,6.27,0.00,6.27,6.27,100.00%
GA,307,GA,309,9.10,3.35,1.18,25.75,100.00%
GA,156,GA,293,20.16,4.05,9.09,32.77,100.00%
GA,118,GA,300,26.43,2.50,16.34,36.52,99.98%
GA,71,GA,293,22.11,4.09,3.39,34.35,100.00%
GA,58,GA,74,13.54,3.83,1.75,29.18,100.00%
GA,74,GA,211,16.61,6.10,2.37,33.49,100.00%
GA,75,GA,293,20.89,4.22,2.65,33.13,100.00%
GA,58,GA,75,15.54,3.84,2.82,30.05,100.00%
GA,53,GA,259,18.88,4.09,2.26,31.99,100.00%
GA,260,GA,300,14.43,4.86,2.10,32.39,100.00%
GA,300,GA,309,14.59,4.12,2.04,31.45,100.00%
GA,307,GA,310,8.72,3.19,1.58,27.34,100.00%
GA,2,GA,157,37.42,8.94,9.46,60.53,33.12%
GA,32,GA,157,45.58,9.56,22.13,60.02,18.84%
GA,34,GA,50,21.99,3.28,7.87,33.30,100.00%
GA,50,GA,293,14.04,3.50,1.35,29.48,100.00%
GA,189,GA,293,18.57,4.29,1.89,32.23,100.00%
GA,28,GA,33,8.64,0.00,8.64,8.64,100.00%
GA,71,GA,211,17.22,5.63,2.42,32.72,100.00%
GA,50,GA,91,13.87,3.09,2.82,25.73,100.00%
GA,53,GA,155,24.19,2.62,15.36,34.15,100.00%
GA,53,GA,87,8.42,2.83,1.82,24.02,100.00%
GA,91,GA,194,19.97,2.96,13.77,32.44,100.00%
GA,229,GA,233,10.77,0.00,10.77,10.77,100.00%
GA,295,GA,307,11.23,4.46,1.12,29.58,100.00%
GA,53,GA,173,14.70,3.16,5.79,26.87,100.00%
GA,50,GA,53,13.99,2.37,2.04,24.89,100.00%
GA,87,GA,88,11.18,2.17,2.26,14.95,100.00%
GA,58,GA,104,18.31,1.77,13.06,26.18,100.00%
GA,71,GA,88,14.04,5.36,2.07,33.09,100.00%
GA,230,GA,233,7.80,0.00,7.80,7.80,100.00%
GA,299,GA,305,9.72,3.10,1.71,22.76,100.00%
GA,27,GA,32,8.71,0.00,8.71,8.71,100.00%
GA,58,GA,141,17.14,1.67,10.52,24.16,100.00%
GA,300,GA,330,26.36,2.65,9.71,35.90,100.00%
GA,293,GA,299,9.43,2.34,2.36,21.52,100.00%
GA,16,GA,17,3.80,0.00,3.80,3.80,100.00%
GA,209,GA,211,6.64,0.00,6.64,6.64,100.00%
GA,58,GA,259,18.73,3.53,2.97,32.23,100.00%
GA,295,GA,305,11.79,5.20,0.59,31.02,100.00%
GB,23,GB,27,10.35,3.38,2.00,25.05,100.00%
GB,280,GB,290,24.00,0.00,24.00,24.00,100.00%
GB,66,GB,78,22.05,0.00,22.05,22.05,100.00%
GG,63,GG,64,9.23,2.51,0.78,14.64,100.00%
GG,14,GG,17,5.01,0.00,5.01,5.01,100.00%
GG,17,GG,20,4.98,0.00,4.98,4.98,100.00%
GG,46,GG,47,9.26,2.52,1.97,14.79,100.00%
GG,20,GG,22,5.60,0.00,5.60,5.60,100.00%
GG,32,GG,36,6.28,0.00,6.28,6.28,100.00%
NB,88,NB,90,5.75,0.00,5.75,5.75,100.00%
NB,1,NB,107,25.66,1.41,11.93,33.69,100.00%
NB,66,NB,74,21.69,0.00,21.69,21.69,100.00%
NB,34,NB,47,16.80,0.00,16.80,16.80,100.00%
